{
  "realm" : "ai-recruitment",
  "users" : [ {
    "id" : "ff80526a-11f1-44d7-9aea-5f54b1a3b685",
    "username" : "admin",
    "firstName" : "abdeslem",
    "lastName" : "ye halewaa",
    "email" : "john.doe@gmail.com",
    "emailVerified" : true,
    "attributes" : {
      "phoneNumber" : [ "+21622111199" ]
    },
    "enabled" : true,
    "createdTimestamp" : 1769521880979,
    "totp" : false,
    "credentials" : [ {
      "id" : "bc505677-0466-41d9-a0b1-06686862079f",
      "type" : "password",
      "userLabel" : "My password",
      "createdDate" : 1769521916166,
      "secretData" : "{\"value\":\"9fsa9HwzN3fXJRK0ao2wEY5YPevqw6jJlQjjhAejWxc=\",\"salt\":\"eNkkdVa/7WhdIiPQwUJFlA==\",\"additionalParameters\":{}}",
      "credentialData" : "{\"hashIterations\":5,\"algorithm\":\"argon2\",\"additionalParameters\":{\"hashLength\":[\"32\"],\"memory\":[\"7168\"],\"type\":[\"id\"],\"version\":[\"1.3\"],\"parallelism\":[\"1\"]}}"
    } ],
    "disableableCredentialTypes" : [ ],
    "requiredActions" : [ ],
    "realmRoles" : [ "ADMIN", "default-roles-ai-recruitment" ],
    "notBefore" : 0,
    "groups" : [ ]
  }, {
    "id" : "03afed90-02b1-4552-811a-1fc1501fff00",
    "username" : "selim",
    "firstName" : "selim",
    "lastName" : "lassoued",
    "email" : "selim.lass31@gmail.com",
    "emailVerified" : true,
    "attributes" : {
      "phoneNumber" : [ "+21629176273" ]
    },
    "enabled" : true,
    "createdTimestamp" : 1769782721037,
    "totp" : false,
    "credentials" : [ {
      "id" : "67b68ccc-5ef9-4c06-9353-a740b59cd570",
      "type" : "password",
      "createdDate" : 1769782721112,
      "secretData" : "{\"value\":\"qI3DCaRASDcEwjyoKrkcCqm99IVpm+wWxZu3qY8f138=\",\"salt\":\"jOQrhSnqCrsOLB3syFk9kw==\",\"additionalParameters\":{}}",
      "credentialData" : "{\"hashIterations\":5,\"algorithm\":\"argon2\",\"additionalParameters\":{\"hashLength\":[\"32\"],\"memory\":[\"7168\"],\"type\":[\"id\"],\"version\":[\"1.3\"],\"parallelism\":[\"1\"]}}"
    } ],
    "disableableCredentialTypes" : [ ],
    "requiredActions" : [ ],
    "realmRoles" : [ "RECRUITER", "default-roles-ai-recruitment" ],
    "notBefore" : 0,
    "groups" : [ ]
  }, {
    "id" : "cdff45d2-70e5-4ae5-b750-09d269a4c96c",
    "username" : "selimlassoued@ieee.org",
    "firstName" : "selim",
    "lastName" : "lassoued",
    "email" : "selimlassoued@ieee.org",
    "emailVerified" : true,
    "attributes" : {
      "phoneNumber" : [ "+21611111111" ]
    },
    "enabled" : true,
    "createdTimestamp" : 1769427008029,
    "totp" : false,
    "credentials" : [ ],
    "disableableCredentialTypes" : [ ],
    "requiredActions" : [ ],
    "federatedIdentities" : [ {
      "identityProvider" : "google",
      "userId" : "103163869120793608567",
      "userName" : "selimlassoued@ieee.org"
    } ],
    "realmRoles" : [ "default-roles-ai-recruitment" ],
    "notBefore" : 0,
    "groups" : [ ]
  }, {
    "id" : "028ccd48-e45a-4f8f-b0bb-06ccce1ff5fe",
    "username" : "service-account-hireai-backend",
    "emailVerified" : false,
    "enabled" : true,
    "createdTimestamp" : 1769180818459,
    "totp" : false,
    "serviceAccountClientId" : "hireAI-backend",
    "credentials" : [ ],
    "disableableCredentialTypes" : [ ],
    "requiredActions" : [ ],
    "realmRoles" : [ "default-roles-ai-recruitment" ],
    "clientRoles" : {
      "realm-management" : [ "view-users", "manage-users", "view-realm" ]
    },
    "notBefore" : 0,
    "groups" : [ ]
  } ]
}